task_tag ,cluster                                                     ,created_at                       ,started_at ,completed_at                     ,failures_during_execution ,retries_before_aborting ,fault_tolerance_technology_label ,checkpoint_strategy_label ,task_completed_successfully ,time_spent_spawning_cluster ,time_spent_setting_up_task ,time_spent_checkpointing ,time_spent_restoring_cluster ,time_spent_executing_task ,total_time_spent
exp 4-1  ,aws-us-east-1c-8x-t3.2xlarge-spot-efs-23-52-44--14-02-2024  ,2024-02-15 02:59:12.426195+00:00 ,           ,2024-02-15 03:07:53.543002+00:00 ,                        0 ,                      3 ,SCR                              ,SCR                       ,True                        ,                        386 ,                        13 ,                       0 ,                         358 ,                      146 ,             903
exp 6-1  ,aws-us-east-1c-8x-t3.2xlarge-spot-efs-23-52-44--14-02-2024  ,2024-02-15 02:59:12.485910+00:00 ,           ,2024-02-15 04:25:39.324273+00:00 ,                        0 ,                      3 ,SCR                              ,SCR                       ,True                        ,                        386 ,                        13 ,                       0 ,                         299 ,                      157 ,             855
exp 6-2  ,aws-us-east-1c-8x-t3.2xlarge-spot-efs-23-52-44--14-02-2024  ,2024-02-15 02:59:12.490536+00:00 ,           ,2024-02-15 04:33:25.241842+00:00 ,                        0 ,                      3 ,SCR                              ,SCR                       ,True                        ,                        386 ,                        13 ,                       0 ,                         297 ,                      152 ,             848
exp 6-3  ,aws-us-east-1c-8x-t3.2xlarge-spot-efs-23-52-44--14-02-2024  ,2024-02-15 02:59:12.495495+00:00 ,           ,2024-02-15 04:41:26.332920+00:00 ,                        0 ,                      3 ,SCR                              ,SCR                       ,True                        ,                        386 ,                        13 ,                       0 ,                         305 ,                      158 ,             862
exp 6-4  ,aws-us-east-1c-8x-t3.2xlarge-spot-efs-23-52-44--14-02-2024  ,2024-02-15 02:59:12.500895+00:00 ,           ,2024-02-15 04:49:49.300564+00:00 ,                        0 ,                      3 ,SCR                              ,SCR                       ,True                        ,                        386 ,                        14 ,                       0 ,                         327 ,                      157 ,             884
exp 6-5  ,aws-us-east-1c-8x-t3.2xlarge-spot-efs-23-52-44--14-02-2024  ,2024-02-15 02:59:12.506448+00:00 ,           ,2024-02-15 04:58:59.351831+00:00 ,                        0 ,                      3 ,SCR                              ,SCR                       ,True                        ,                        386 ,                        14 ,                       0 ,                         379 ,                      153 ,             932
exp 19-2 ,aws-us-east-1c-4x-i3.2xlarge-spot-efs-18-24-56--15-02-2024  ,2024-02-15 21:31:16.583329+00:00 ,           ,2024-02-15 21:44:35.834397+00:00 ,                        0 ,                      3 ,SCR                              ,SCR                       ,True                        ,                        334 ,                        13 ,                       0 ,                         293 ,                       89 ,             729
exp 19-3 ,aws-us-east-1c-4x-i3.2xlarge-spot-efs-18-24-56--15-02-2024  ,2024-02-15 21:31:16.595439+00:00 ,           ,2024-02-15 21:51:21.793725+00:00 ,                        0 ,                      3 ,SCR                              ,SCR                       ,True                        ,                        334 ,                        13 ,                       0 ,                         301 ,                       87 ,             735
exp 19-4 ,aws-us-east-1c-4x-i3.2xlarge-spot-efs-18-24-56--15-02-2024  ,2024-02-15 21:31:16.605035+00:00 ,           ,2024-02-15 21:59:16.100721+00:00 ,                        0 ,                      3 ,SCR                              ,SCR                       ,True                        ,                        334 ,                        13 ,                       0 ,                         364 ,                       93 ,             804
exp 7-2  ,aws-us-east-1c-4x-c5.2xlarge-spot-efs-02-00-47--15-02-2024  ,2024-02-15 05:06:17.671513+00:00 ,           ,2024-02-15 05:24:22.517075+00:00 ,                        0 ,                      3 ,SCR                              ,SCR                       ,True                        ,                        328 ,                        13 ,                       0 ,                         433 ,                       83 ,             857
exp 7-3  ,aws-us-east-1c-4x-c5.2xlarge-spot-efs-02-00-47--15-02-2024  ,2024-02-15 05:06:17.675628+00:00 ,           ,2024-02-15 05:30:17.616883+00:00 ,                        0 ,                      3 ,SCR                              ,SCR                       ,True                        ,                        328 ,                        13 ,                       0 ,                         255 ,                       83 ,             679
exp 7-4  ,aws-us-east-1c-4x-c5.2xlarge-spot-efs-02-00-47--15-02-2024  ,2024-02-15 05:06:17.680658+00:00 ,           ,2024-02-15 05:38:04.624441+00:00 ,                        0 ,                      3 ,SCR                              ,SCR                       ,True                        ,                        328 ,                        13 ,                       0 ,                         374 ,                       76 ,             791
exp 7-5  ,aws-us-east-1c-4x-c5.2xlarge-spot-efs-02-00-47--15-02-2024  ,2024-02-15 05:06:17.686977+00:00 ,           ,2024-02-15 05:45:51.388789+00:00 ,                        0 ,                      3 ,SCR                              ,SCR                       ,True                        ,                        328 ,                        12 ,                       0 ,                         375 ,                       76 ,             791
exp 8-1  ,aws-us-east-1c-4x-c5.2xlarge-spot-efs-02-00-47--15-02-2024  ,2024-02-15 05:06:17.693424+00:00 ,           ,2024-02-15 05:53:39.926367+00:00 ,                        0 ,                      3 ,SCR                              ,SCR                       ,True                        ,                        328 ,                        12 ,                       0 ,                         375 ,                       78 ,             793
exp 8-2  ,aws-us-east-1c-4x-c5.2xlarge-spot-efs-02-00-47--15-02-2024  ,2024-02-15 05:06:17.700590+00:00 ,           ,2024-02-15 06:00:26.920685+00:00 ,                        0 ,                      3 ,SCR                              ,SCR                       ,True                        ,                        328 ,                        13 ,                       0 ,                         314 ,                       77 ,             732
exp 8-3  ,aws-us-east-1c-4x-c5.2xlarge-spot-efs-02-00-47--15-02-2024  ,2024-02-15 05:06:17.706073+00:00 ,           ,2024-02-15 06:07:22.831840+00:00 ,                        0 ,                      3 ,SCR                              ,SCR                       ,True                        ,                        328 ,                        13 ,                       0 ,                         315 ,                       84 ,             740
exp 8-4  ,aws-us-east-1c-4x-c5.2xlarge-spot-efs-02-00-47--15-02-2024  ,2024-02-15 05:06:17.710762+00:00 ,           ,2024-02-15 06:16:16.487954+00:00 ,                        0 ,                      3 ,SCR                              ,SCR                       ,True                        ,                        328 ,                        13 ,                       0 ,                         433 ,                       84 ,             858
exp 8-5  ,aws-us-east-1c-4x-c5.2xlarge-spot-efs-02-00-47--15-02-2024  ,2024-02-15 05:06:17.714834+00:00 ,           ,2024-02-15 06:23:11.168784+00:00 ,                        0 ,                      3 ,SCR                              ,SCR                       ,True                        ,                        328 ,                        13 ,                       0 ,                         314 ,                       84 ,             739
exp 1-2  ,aws-us-east-1c-4x-t3.2xlarge-spot-efs-22-00-11--14-02-2024  ,2024-02-15 01:04:14.782353+00:00 ,           ,2024-02-15 01:20:19.294955+00:00 ,                        0 ,                      3 ,SCR                              ,SCR                       ,True                        ,                        241 ,                        13 ,                       0 ,                         326 ,                       98 ,             678
exp 1-3  ,aws-us-east-1c-4x-t3.2xlarge-spot-efs-22-00-11--14-02-2024  ,2024-02-15 01:04:14.788449+00:00 ,           ,2024-02-15 01:27:53.449739+00:00 ,                        0 ,                      3 ,SCR                              ,SCR                       ,True                        ,                        241 ,                        13 ,                       0 ,                         342 ,                       95 ,             691
exp 1-4  ,aws-us-east-1c-4x-t3.2xlarge-spot-efs-22-00-11--14-02-2024  ,2024-02-15 01:04:14.794210+00:00 ,           ,2024-02-15 01:34:32.090079+00:00 ,                        0 ,                      3 ,SCR                              ,SCR                       ,True                        ,                        241 ,                        13 ,                       0 ,                         293 ,                       89 ,             636
exp 1-5  ,aws-us-east-1c-4x-t3.2xlarge-spot-efs-22-00-11--14-02-2024  ,2024-02-15 01:04:14.803089+00:00 ,           ,2024-02-15 01:41:31.072510+00:00 ,                        0 ,                      3 ,SCR                              ,SCR                       ,True                        ,                        241 ,                        13 ,                       0 ,                         309 ,                       94 ,             657
exp 2-1  ,aws-us-east-1c-4x-t3.2xlarge-spot-efs-22-00-11--14-02-2024  ,2024-02-15 01:04:14.809911+00:00 ,           ,2024-02-15 01:48:22.670218+00:00 ,                        0 ,                      3 ,SCR                              ,SCR                       ,True                        ,                        241 ,                        13 ,                       0 ,                         299 ,                       95 ,             648
exp 2-2  ,aws-us-east-1c-4x-t3.2xlarge-spot-efs-22-00-11--14-02-2024  ,2024-02-15 01:04:14.815075+00:00 ,           ,2024-02-15 01:54:48.932647+00:00 ,                        0 ,                      3 ,SCR                              ,SCR                       ,True                        ,                        241 ,                        13 ,                       0 ,                         277 ,                       92 ,             623
exp 2-3  ,aws-us-east-1c-4x-t3.2xlarge-spot-efs-22-00-11--14-02-2024  ,2024-02-15 01:04:14.820791+00:00 ,           ,2024-02-15 02:01:05.001890+00:00 ,                        0 ,                      3 ,SCR                              ,SCR                       ,True                        ,                        241 ,                        13 ,                       0 ,                         267 ,                       92 ,             613
exp 2-4  ,aws-us-east-1c-4x-t3.2xlarge-spot-efs-22-00-11--14-02-2024  ,2024-02-15 01:04:14.826700+00:00 ,           ,2024-02-15 02:07:19.947754+00:00 ,                        0 ,                      3 ,SCR                              ,SCR                       ,True                        ,                        241 ,                        13 ,                       0 ,                         268 ,                       90 ,             612
exp 2-5  ,aws-us-east-1c-4x-t3.2xlarge-spot-efs-22-00-11--14-02-2024  ,2024-02-15 01:04:14.832074+00:00 ,           ,2024-02-15 02:13:28.373899+00:00 ,                        0 ,                      3 ,SCR                              ,SCR                       ,True                        ,                        241 ,                        13 ,                       0 ,                         262 ,                       90 ,             606
exp 3-1  ,aws-us-east-1c-4x-t3.2xlarge-spot-efs-22-00-11--14-02-2024  ,2024-02-15 01:04:14.836990+00:00 ,           ,2024-02-15 02:20:47.987544+00:00 ,                        0 ,                      3 ,SCR                              ,SCR                       ,True                        ,                        241 ,                        13 ,                       0 ,                         322 ,                      100 ,             676
exp 3-2  ,aws-us-east-1c-4x-t3.2xlarge-spot-efs-22-00-11--14-02-2024  ,2024-02-15 01:04:14.842605+00:00 ,           ,2024-02-15 02:27:06.742410+00:00 ,                        0 ,                      3 ,SCR                              ,SCR                       ,True                        ,                        241 ,                        13 ,                       0 ,                         261 ,                      101 ,             616
exp 3-3  ,aws-us-east-1c-4x-t3.2xlarge-spot-efs-22-00-11--14-02-2024  ,2024-02-15 01:04:14.847733+00:00 ,           ,2024-02-15 02:35:20.547478+00:00 ,                        0 ,                      3 ,SCR                              ,SCR                       ,True                        ,                        241 ,                        12 ,                       0 ,                         377 ,                      101 ,             731
exp 3-4  ,aws-us-east-1c-4x-t3.2xlarge-spot-efs-22-00-11--14-02-2024  ,2024-02-15 01:04:14.854594+00:00 ,           ,2024-02-15 02:43:35.911176+00:00 ,                        0 ,                      3 ,SCR                              ,SCR                       ,True                        ,                        241 ,                        13 ,                       0 ,                         379 ,                       99 ,             732
exp 3-5  ,aws-us-east-1c-4x-t3.2xlarge-spot-efs-22-00-11--14-02-2024  ,2024-02-15 01:04:14.860672+00:00 ,           ,2024-02-15 02:50:51.573616+00:00 ,                        0 ,                      3 ,SCR                              ,SCR                       ,True                        ,                        241 ,                        12 ,                       0 ,                         321 ,                       99 ,             673
exp 9-2  ,aws-us-east-1c-4x-c5.2xlarge-spot-efs-02-00-47--15-02-2024  ,2024-02-15 05:06:17.722593+00:00 ,           ,2024-02-15 06:39:00.590247+00:00 ,                        0 ,                      3 ,SCR                              ,SCR                       ,True                        ,                        328 ,                        13 ,                       0 ,                         374 ,                       88 ,             803
exp 9-3  ,aws-us-east-1c-4x-c5.2xlarge-spot-efs-02-00-47--15-02-2024  ,2024-02-15 05:06:17.726370+00:00 ,           ,2024-02-15 06:46:01.940168+00:00 ,                        0 ,                      3 ,SCR                              ,SCR                       ,True                        ,                        328 ,                        13 ,                       0 ,                         315 ,                       90 ,             746
exp 9-4  ,aws-us-east-1c-4x-c5.2xlarge-spot-efs-02-00-47--15-02-2024  ,2024-02-15 05:06:17.730218+00:00 ,           ,2024-02-15 06:51:57.495573+00:00 ,                        0 ,                      3 ,SCR                              ,SCR                       ,True                        ,                        328 ,                        12 ,                       0 ,                         256 ,                       83 ,             679
exp 9-5  ,aws-us-east-1c-4x-c5.2xlarge-spot-efs-02-00-47--15-02-2024  ,2024-02-15 05:06:17.734415+00:00 ,           ,2024-02-15 06:59:55.628902+00:00 ,                        0 ,                      3 ,SCR                              ,SCR                       ,True                        ,                        328 ,                        13 ,                       0 ,                         373 ,                       89 ,             803
exp 7-1  ,aws-us-east-1c-4x-c5.2xlarge-spot-efs-02-00-47--15-02-2024  ,2024-02-15 05:06:17.664104+00:00 ,           ,2024-02-15 05:15:29.964713+00:00 ,                        0 ,                      3 ,SCR                              ,SCR                       ,True                        ,                        328 ,                        17 ,                       0 ,                         447 ,                       85 ,             877
exp 9-1  ,aws-us-east-1c-4x-c5.2xlarge-spot-efs-02-00-47--15-02-2024  ,2024-02-15 05:06:17.718487+00:00 ,           ,2024-02-15 06:31:01.744387+00:00 ,                        0 ,                      3 ,SCR                              ,SCR                       ,True                        ,                        328 ,                        12 ,                       0 ,                         373 ,                       81 ,             794
exp 20-4 ,aws-us-east-1c-4x-i3.2xlarge-spot-efs-18-24-56--15-02-2024  ,2024-02-15 21:31:16.655450+00:00 ,           ,2024-02-15 22:33:13.951101+00:00 ,                        0 ,                      3 ,SCR                              ,SCR                       ,True                        ,                        334 ,                        12 ,                       0 ,                         286 ,                       90 ,             722
exp 20-5 ,aws-us-east-1c-4x-i3.2xlarge-spot-efs-18-24-56--15-02-2024  ,2024-02-15 21:31:16.662854+00:00 ,           ,2024-02-15 22:39:47.770971+00:00 ,                        0 ,                      3 ,SCR                              ,SCR                       ,True                        ,                        334 ,                        13 ,                       0 ,                         289 ,                       88 ,             724
exp 1-1  ,aws-us-east-1c-4x-t3.2xlarge-spot-efs-22-00-11--14-02-2024  ,2024-02-15 01:04:14.770447+00:00 ,           ,2024-02-15 01:12:59.051610+00:00 ,                        0 ,                      3 ,SCR                              ,SCR                       ,True                        ,                        241 ,                        14 ,                       0 ,                         389 ,                      117 ,             761
exp 4-2  ,aws-us-east-1c-8x-t3.2xlarge-spot-efs-23-52-44--14-02-2024  ,2024-02-15 02:59:12.437212+00:00 ,           ,2024-02-15 03:16:39.020351+00:00 ,                        0 ,                      3 ,SCR                              ,SCR                       ,True                        ,                        386 ,                        13 ,                       0 ,                         368 ,                      141 ,             908
exp 4-3  ,aws-us-east-1c-8x-t3.2xlarge-spot-efs-23-52-44--14-02-2024  ,2024-02-15 02:59:12.442341+00:00 ,           ,2024-02-15 03:24:11.996711+00:00 ,                        0 ,                      3 ,SCR                              ,SCR                       ,True                        ,                        386 ,                        13 ,                       0 ,                         299 ,                      137 ,             835
exp 4-4  ,aws-us-east-1c-8x-t3.2xlarge-spot-efs-23-52-44--14-02-2024  ,2024-02-15 02:59:12.446814+00:00 ,           ,2024-02-15 03:30:59.681905+00:00 ,                        0 ,                      3 ,SCR                              ,SCR                       ,True                        ,                        386 ,                        13 ,                       0 ,                         301 ,                       89 ,             789
exp 4-5  ,aws-us-east-1c-8x-t3.2xlarge-spot-efs-23-52-44--14-02-2024  ,2024-02-15 02:59:12.452028+00:00 ,           ,2024-02-15 03:38:37.315865+00:00 ,                        0 ,                      3 ,SCR                              ,SCR                       ,True                        ,                        386 ,                        13 ,                       0 ,                         299 ,                      141 ,             839
exp 5-1  ,aws-us-east-1c-8x-t3.2xlarge-spot-efs-23-52-44--14-02-2024  ,2024-02-15 02:59:12.457716+00:00 ,           ,2024-02-15 03:46:17.943818+00:00 ,                        0 ,                      3 ,SCR                              ,SCR                       ,True                        ,                        386 ,                        13 ,                       0 ,                         300 ,                      143 ,             842
exp 5-2  ,aws-us-east-1c-8x-t3.2xlarge-spot-efs-23-52-44--14-02-2024  ,2024-02-15 02:59:12.464687+00:00 ,           ,2024-02-15 03:54:56.128585+00:00 ,                        0 ,                      3 ,SCR                              ,SCR                       ,True                        ,                        386 ,                        13 ,                       0 ,                         359 ,                      142 ,             900
exp 5-3  ,aws-us-east-1c-8x-t3.2xlarge-spot-efs-23-52-44--14-02-2024  ,2024-02-15 02:59:12.470811+00:00 ,           ,2024-02-15 04:02:35.090442+00:00 ,                        0 ,                      3 ,SCR                              ,SCR                       ,True                        ,                        386 ,                        13 ,                       0 ,                         299 ,                      143 ,             841
exp 5-4  ,aws-us-east-1c-8x-t3.2xlarge-spot-efs-23-52-44--14-02-2024  ,2024-02-15 02:59:12.476086+00:00 ,           ,2024-02-15 04:10:09.421441+00:00 ,                        0 ,                      3 ,SCR                              ,SCR                       ,True                        ,                        386 ,                        13 ,                       0 ,                         294 ,                      143 ,             836
exp 5-5  ,aws-us-east-1c-8x-t3.2xlarge-spot-efs-23-52-44--14-02-2024  ,2024-02-15 02:59:12.481322+00:00 ,           ,2024-02-15 04:17:46.391439+00:00 ,                        0 ,                      3 ,SCR                              ,SCR                       ,True                        ,                        386 ,                        13 ,                       0 ,                         297 ,                      142 ,             838
exp 19-1 ,aws-us-east-1c-4x-i3.2xlarge-spot-efs-18-24-56--15-02-2024  ,2024-02-15 21:31:16.569793+00:00 ,           ,2024-02-15 21:37:57.474953+00:00 ,                        0 ,                      3 ,SCR                              ,SCR                       ,True                        ,                        334 ,                        13 ,                       0 ,                         295 ,                       88 ,             730
exp 23-1 ,aws-us-east-1c-8x-i3.2xlarge-spot-efs-21-46-38--15-02-2024  ,2024-02-16 00:53:46.099693+00:00 ,           ,2024-02-16 01:01:26.801636+00:00 ,                        0 ,                      3 ,SCR                              ,SCR                       ,True                        ,                        394 ,                        14 ,                       0 ,                         307 ,                      136 ,             851
exp 23-2 ,aws-us-east-1c-8x-i3.2xlarge-spot-efs-21-46-38--15-02-2024  ,2024-02-16 00:53:46.107369+00:00 ,           ,2024-02-16 01:09:16.443260+00:00 ,                        0 ,                      3 ,SCR                              ,SCR                       ,True                        ,                        394 ,                        14 ,                       0 ,                         315 ,                      135 ,             858
exp 23-3 ,aws-us-east-1c-8x-i3.2xlarge-spot-efs-21-46-38--15-02-2024  ,2024-02-16 00:53:46.113354+00:00 ,           ,2024-02-16 01:17:15.864668+00:00 ,                        0 ,                      3 ,SCR                              ,SCR                       ,True                        ,                        394 ,                        13 ,                       0 ,                         327 ,                      135 ,             869
exp 23-4 ,aws-us-east-1c-8x-i3.2xlarge-spot-efs-21-46-38--15-02-2024  ,2024-02-16 00:53:46.119025+00:00 ,           ,2024-02-16 01:26:16.680064+00:00 ,                        0 ,                      3 ,SCR                              ,SCR                       ,True                        ,                        394 ,                        14 ,                       0 ,                         386 ,                      137 ,             931
exp 19-5 ,aws-us-east-1c-4x-i3.2xlarge-spot-efs-18-24-56--15-02-2024  ,2024-02-15 21:31:16.613491+00:00 ,           ,2024-02-15 22:05:54.370391+00:00 ,                        0 ,                      3 ,SCR                              ,SCR                       ,True                        ,                        334 ,                        13 ,                       0 ,                         296 ,                       86 ,             729
exp 20-1 ,aws-us-east-1c-4x-i3.2xlarge-spot-efs-18-24-56--15-02-2024  ,2024-02-15 21:31:16.626239+00:00 ,           ,2024-02-15 22:12:35.188310+00:00 ,                        0 ,                      3 ,SCR                              ,SCR                       ,True                        ,                        334 ,                        13 ,                       0 ,                         296 ,                       88 ,             731
exp 20-2 ,aws-us-east-1c-4x-i3.2xlarge-spot-efs-18-24-56--15-02-2024  ,2024-02-15 21:31:16.634296+00:00 ,           ,2024-02-15 22:20:13.702324+00:00 ,                        0 ,                      3 ,SCR                              ,SCR                       ,True                        ,                        334 ,                        13 ,                       0 ,                         353 ,                       89 ,             789
exp 20-3 ,aws-us-east-1c-4x-i3.2xlarge-spot-efs-18-24-56--15-02-2024  ,2024-02-15 21:31:16.645288+00:00 ,           ,2024-02-15 22:26:40.873658+00:00 ,                        0 ,                      3 ,SCR                              ,SCR                       ,True                        ,                        334 ,                        12 ,                       0 ,                         282 ,                       88 ,             716
exp 10-3 ,aws-us-east-1c-8x-c5.2xlarge-spot-efs-10-00-17--15-02-2024  ,2024-02-15 13:06:31.892240+00:00 ,           ,2024-02-15 13:24:10.762585+00:00 ,                        0 ,                      3 ,SCR                              ,SCR                       ,True                        ,                        371 ,                        12 ,                       0 ,                         145 ,                       41 ,             569
exp 10-4 ,aws-us-east-1c-8x-c5.2xlarge-spot-efs-10-00-17--15-02-2024  ,2024-02-15 13:06:31.906160+00:00 ,           ,2024-02-15 13:31:24.249211+00:00 ,                        0 ,                      3 ,SCR                              ,SCR                       ,True                        ,                        371 ,                        13 ,                       0 ,                         295 ,                      122 ,             801
exp 10-5 ,aws-us-east-1c-8x-c5.2xlarge-spot-efs-10-00-17--15-02-2024  ,2024-02-15 13:06:31.916283+00:00 ,           ,2024-02-15 13:36:01.859356+00:00 ,                        0 ,                      3 ,SCR                              ,SCR                       ,True                        ,                        371 ,                        13 ,                       0 ,                         207 ,                       53 ,             644
exp 11-1 ,aws-us-east-1c-8x-c5.2xlarge-spot-efs-10-00-17--15-02-2024  ,2024-02-15 13:06:31.930535+00:00 ,           ,2024-02-15 13:43:11.560500+00:00 ,                        0 ,                      3 ,SCR                              ,SCR                       ,True                        ,                        371 ,                        13 ,                       0 ,                         293 ,                      120 ,             797
exp 11-2 ,aws-us-east-1c-8x-c5.2xlarge-spot-efs-10-00-17--15-02-2024  ,2024-02-15 13:06:31.944723+00:00 ,           ,2024-02-15 13:50:13.900463+00:00 ,                        0 ,                      3 ,SCR                              ,SCR                       ,True                        ,                        371 ,                        12 ,                       0 ,                         285 ,                      121 ,             789
exp 11-3 ,aws-us-east-1c-8x-c5.2xlarge-spot-efs-10-00-17--15-02-2024  ,2024-02-15 13:06:31.956510+00:00 ,           ,2024-02-15 13:58:26.904353+00:00 ,                        0 ,                      3 ,SCR                              ,SCR                       ,True                        ,                        371 ,                        13 ,                       0 ,                         353 ,                      123 ,             860
exp 11-4 ,aws-us-east-1c-8x-c5.2xlarge-spot-efs-10-00-17--15-02-2024  ,2024-02-15 13:06:31.962735+00:00 ,           ,2024-02-15 14:07:40.443972+00:00 ,                        0 ,                      3 ,SCR                              ,SCR                       ,True                        ,                        371 ,                        12 ,                       0 ,                         415 ,                      122 ,             920
exp 11-5 ,aws-us-east-1c-8x-c5.2xlarge-spot-efs-10-00-17--15-02-2024  ,2024-02-15 13:06:31.972866+00:00 ,           ,2024-02-15 14:14:45.870151+00:00 ,                        0 ,                      3 ,SCR                              ,SCR                       ,True                        ,                        371 ,                        12 ,                       0 ,                         287 ,                      121 ,             791
exp 10-1 ,aws-us-east-1c-8x-c5.2xlarge-spot-efs-10-00-17--15-02-2024  ,2024-02-15 13:06:31.858528+00:00 ,           ,2024-02-15 13:13:04.363555+00:00 ,                        0 ,                      3 ,SCR                              ,SCR                       ,True                        ,                        371 ,                        12 ,                       0 ,                         298 ,                       78 ,             759
exp 10-2 ,aws-us-east-1c-8x-c5.2xlarge-spot-efs-10-00-17--15-02-2024  ,2024-02-15 13:06:31.877137+00:00 ,           ,2024-02-15 13:20:48.452073+00:00 ,                        0 ,                      3 ,SCR                              ,SCR                       ,True                        ,                        371 ,                        13 ,                       0 ,                         355 ,                       92 ,             831
exp 12-1 ,aws-us-east-1c-8x-c5.2xlarge-spot-efs-10-00-17--15-02-2024  ,2024-02-15 13:06:31.978254+00:00 ,           ,2024-02-15 14:21:56.558046+00:00 ,                        0 ,                      3 ,SCR                              ,SCR                       ,True                        ,                        371 ,                        12 ,                       0 ,                         286 ,                      128 ,             797
exp 12-2 ,aws-us-east-1c-8x-c5.2xlarge-spot-efs-10-00-17--15-02-2024  ,2024-02-15 13:06:31.983698+00:00 ,           ,2024-02-15 14:29:10.889613+00:00 ,                        0 ,                      3 ,SCR                              ,SCR                       ,True                        ,                        371 ,                        12 ,                       0 ,                         290 ,                      127 ,             800
exp 12-3 ,aws-us-east-1c-8x-c5.2xlarge-spot-efs-10-00-17--15-02-2024  ,2024-02-15 13:06:31.988859+00:00 ,           ,2024-02-15 14:36:24.903769+00:00 ,                        0 ,                      3 ,SCR                              ,SCR                       ,True                        ,                        371 ,                        13 ,                       0 ,                         290 ,                      128 ,             802
exp 12-4 ,aws-us-east-1c-8x-c5.2xlarge-spot-efs-10-00-17--15-02-2024  ,2024-02-15 13:06:31.994085+00:00 ,           ,2024-02-15 14:43:40.091449+00:00 ,                        0 ,                      3 ,SCR                              ,SCR                       ,True                        ,                        371 ,                        13 ,                       0 ,                         292 ,                      127 ,             803
exp 12-5 ,aws-us-east-1c-8x-c5.2xlarge-spot-efs-10-00-17--15-02-2024  ,2024-02-15 13:06:31.999295+00:00 ,           ,2024-02-15 14:50:51.858102+00:00 ,                        0 ,                      3 ,SCR                              ,SCR                       ,True                        ,                        371 ,                        13 ,                       0 ,                         289 ,                      126 ,             799
exp 13-1 ,aws-us-east-1c-4x-c6i.2xlarge-spot-efs-11-52-43--15-02-2024 ,2024-02-15 14:58:06.723062+00:00 ,           ,2024-02-15 15:03:52.758697+00:00 ,                        0 ,                      3 ,SCR                              ,SCR                       ,True                        ,                        321 ,                        12 ,                       0 ,                         249 ,                       80 ,             662
exp 21-4 ,aws-us-east-1c-4x-i3.2xlarge-spot-efs-20-09-50--15-02-2024  ,2024-02-15 23:15:58.535308+00:00 ,           ,2024-02-15 23:43:04.014278+00:00 ,                        0 ,                      3 ,SCR                              ,SCR                       ,True                        ,                        336 ,                        13 ,                       0 ,                         296 ,                       93 ,             738
exp 13-4 ,aws-us-east-1c-4x-c6i.2xlarge-spot-efs-11-52-43--15-02-2024 ,2024-02-15 14:58:06.737281+00:00 ,           ,2024-02-15 15:24:05.863032+00:00 ,                        0 ,                      3 ,SCR                              ,SCR                       ,True                        ,                        321 ,                        13 ,                       0 ,                         372 ,                       78 ,             784
exp 13-5 ,aws-us-east-1c-4x-c6i.2xlarge-spot-efs-11-52-43--15-02-2024 ,2024-02-15 14:58:06.740945+00:00 ,           ,2024-02-15 15:31:48.146302+00:00 ,                        0 ,                      3 ,SCR                              ,SCR                       ,True                        ,                        321 ,                        13 ,                       0 ,                         369 ,                       76 ,             779
exp 14-1 ,aws-us-east-1c-4x-c6i.2xlarge-spot-efs-11-52-43--15-02-2024 ,2024-02-15 14:58:06.744610+00:00 ,           ,2024-02-15 15:39:25.894911+00:00 ,                        0 ,                      3 ,SCR                              ,SCR                       ,True                        ,                        321 ,                        13 ,                       0 ,                         368 ,                       73 ,             775
exp 14-2 ,aws-us-east-1c-4x-c6i.2xlarge-spot-efs-11-52-43--15-02-2024 ,2024-02-15 14:58:06.748312+00:00 ,           ,2024-02-15 15:48:17.289549+00:00 ,                        0 ,                      3 ,SCR                              ,SCR                       ,True                        ,                        321 ,                        13 ,                       0 ,                         435 ,                       80 ,             849
exp 14-3 ,aws-us-east-1c-4x-c6i.2xlarge-spot-efs-11-52-43--15-02-2024 ,2024-02-15 14:58:06.751709+00:00 ,           ,2024-02-15 15:55:03.470782+00:00 ,                        0 ,                      3 ,SCR                              ,SCR                       ,True                        ,                        321 ,                        13 ,                       0 ,                         311 ,                       79 ,             724
exp 14-4 ,aws-us-east-1c-4x-c6i.2xlarge-spot-efs-11-52-43--15-02-2024 ,2024-02-15 14:58:06.755286+00:00 ,           ,2024-02-15 16:04:46.547686+00:00 ,                        0 ,                      3 ,SCR                              ,SCR                       ,True                        ,                        321 ,                        13 ,                       0 ,                         487 ,                       79 ,             900
exp 14-5 ,aws-us-east-1c-4x-c6i.2xlarge-spot-efs-11-52-43--15-02-2024 ,2024-02-15 14:58:06.758779+00:00 ,           ,2024-02-15 16:12:32.890765+00:00 ,                        0 ,                      3 ,SCR                              ,SCR                       ,True                        ,                        321 ,                        13 ,                       0 ,                         370 ,                       80 ,             784
exp 15-1 ,aws-us-east-1c-4x-c6i.2xlarge-spot-efs-11-52-43--15-02-2024 ,2024-02-15 14:58:06.762522+00:00 ,           ,2024-02-15 16:18:21.912799+00:00 ,                        0 ,                      3 ,SCR                              ,SCR                       ,True                        ,                        321 ,                        13 ,                       0 ,                         250 ,                       83 ,             667
exp 15-2 ,aws-us-east-1c-4x-c6i.2xlarge-spot-efs-11-52-43--15-02-2024 ,2024-02-15 14:58:06.765924+00:00 ,           ,2024-02-15 16:24:05.686349+00:00 ,                        0 ,                      3 ,SCR                              ,SCR                       ,True                        ,                        321 ,                        12 ,                       0 ,                         251 ,                       76 ,             660
exp 13-2 ,aws-us-east-1c-4x-c6i.2xlarge-spot-efs-11-52-43--15-02-2024 ,2024-02-15 14:58:06.729330+00:00 ,           ,2024-02-15 15:09:38.272841+00:00 ,                        0 ,                      3 ,SCR                              ,SCR                       ,True                        ,                        321 ,                        13 ,                       0 ,                         250 ,                       79 ,             663
exp 13-3 ,aws-us-east-1c-4x-c6i.2xlarge-spot-efs-11-52-43--15-02-2024 ,2024-02-15 14:58:06.733156+00:00 ,           ,2024-02-15 15:16:18.564657+00:00 ,                        0 ,                      3 ,SCR                              ,SCR                       ,True                        ,                        321 ,                        13 ,                       0 ,                         311 ,                       73 ,             718
exp 15-3 ,aws-us-east-1c-4x-c6i.2xlarge-spot-efs-11-52-43--15-02-2024 ,2024-02-15 14:58:06.769456+00:00 ,           ,2024-02-15 16:31:55.033004+00:00 ,                        0 ,                      3 ,SCR                              ,SCR                       ,True                        ,                        321 ,                        13 ,                       0 ,                         370 ,                       83 ,             787
exp 15-4 ,aws-us-east-1c-4x-c6i.2xlarge-spot-efs-11-52-43--15-02-2024 ,2024-02-15 14:58:06.773557+00:00 ,           ,2024-02-15 16:39:37.631431+00:00 ,                        0 ,                      3 ,SCR                              ,SCR                       ,True                        ,                        321 ,                        13 ,                       0 ,                         363 ,                       83 ,             780
exp 15-5 ,aws-us-east-1c-4x-c6i.2xlarge-spot-efs-11-52-43--15-02-2024 ,2024-02-15 14:58:06.777229+00:00 ,           ,2024-02-15 16:47:24.624227+00:00 ,                        0 ,                      3 ,SCR                              ,SCR                       ,True                        ,                        321 ,                        13 ,                       0 ,                         369 ,                       81 ,             784
exp 16-1 ,aws-us-east-1c-8x-c6i.2xlarge-spot-efs-13-49-05--15-02-2024 ,2024-02-15 16:55:16.379927+00:00 ,           ,2024-02-15 17:02:22.125974+00:00 ,                        0 ,                      3 ,SCR                              ,SCR                       ,True                        ,                        369 ,                        16 ,                       0 ,                         284 ,                      121 ,             790
exp 16-2 ,aws-us-east-1c-8x-c6i.2xlarge-spot-efs-13-49-05--15-02-2024 ,2024-02-15 16:55:16.388045+00:00 ,           ,2024-02-15 17:10:19.121132+00:00 ,                        0 ,                      3 ,SCR                              ,SCR                       ,True                        ,                        369 ,                        12 ,                       0 ,                         343 ,                      118 ,             842
exp 21-1 ,aws-us-east-1c-4x-i3.2xlarge-spot-efs-20-09-50--15-02-2024  ,2024-02-15 23:15:58.495623+00:00 ,           ,2024-02-15 23:22:44.443250+00:00 ,                        0 ,                      3 ,SCR                              ,SCR                       ,True                        ,                        336 ,                        13 ,                       0 ,                         294 ,                       95 ,             738
exp 21-2 ,aws-us-east-1c-4x-i3.2xlarge-spot-efs-20-09-50--15-02-2024  ,2024-02-15 23:15:58.512766+00:00 ,           ,2024-02-15 23:29:40.810503+00:00 ,                        0 ,                      3 ,SCR                              ,SCR                       ,True                        ,                        336 ,                        13 ,                       0 ,                         299 ,                      100 ,             748
exp 21-3 ,aws-us-east-1c-4x-i3.2xlarge-spot-efs-20-09-50--15-02-2024  ,2024-02-15 23:15:58.524226+00:00 ,           ,2024-02-15 23:36:17.587226+00:00 ,                        0 ,                      3 ,SCR                              ,SCR                       ,True                        ,                        336 ,                        12 ,                       0 ,                         285 ,                       95 ,             728
exp 21-5 ,aws-us-east-1c-4x-i3.2xlarge-spot-efs-20-09-50--15-02-2024  ,2024-02-15 23:15:58.546838+00:00 ,           ,2024-02-15 23:50:32.184042+00:00 ,                        0 ,                      3 ,SCR                              ,SCR                       ,True                        ,                        336 ,                        13 ,                       0 ,                         336 ,                       95 ,             780
exp 16-4 ,aws-us-east-1c-8x-c6i.2xlarge-spot-efs-13-49-05--15-02-2024 ,2024-02-15 16:55:16.399203+00:00 ,           ,2024-02-15 17:24:11.475856+00:00 ,                        0 ,                      3 ,SCR                              ,SCR                       ,True                        ,                        369 ,                        12 ,                       0 ,                         281 ,                      116 ,             778
exp 16-5 ,aws-us-east-1c-8x-c6i.2xlarge-spot-efs-13-49-05--15-02-2024 ,2024-02-15 16:55:16.404466+00:00 ,           ,2024-02-15 17:31:11.199975+00:00 ,                        0 ,                      3 ,SCR                              ,SCR                       ,True                        ,                        369 ,                        12 ,                       0 ,                         286 ,                      117 ,             784
exp 17-1 ,aws-us-east-1c-8x-c6i.2xlarge-spot-efs-13-49-05--15-02-2024 ,2024-02-15 16:55:16.409730+00:00 ,           ,2024-02-15 17:38:09.987974+00:00 ,                        0 ,                      3 ,SCR                              ,SCR                       ,True                        ,                        369 ,                        12 ,                       0 ,                         288 ,                      115 ,             784
exp 17-2 ,aws-us-east-1c-8x-c6i.2xlarge-spot-efs-13-49-05--15-02-2024 ,2024-02-15 16:55:16.415188+00:00 ,           ,2024-02-15 17:45:05.746006+00:00 ,                        0 ,                      3 ,SCR                              ,SCR                       ,True                        ,                        369 ,                        12 ,                       0 ,                         283 ,                      116 ,             780
exp 17-3 ,aws-us-east-1c-8x-c6i.2xlarge-spot-efs-13-49-05--15-02-2024 ,2024-02-15 16:55:16.420263+00:00 ,           ,2024-02-15 17:52:08.764193+00:00 ,                        0 ,                      3 ,SCR                              ,SCR                       ,True                        ,                        369 ,                        12 ,                       0 ,                         289 ,                      118 ,             788
exp 17-4 ,aws-us-east-1c-8x-c6i.2xlarge-spot-efs-13-49-05--15-02-2024 ,2024-02-15 16:55:16.425390+00:00 ,           ,2024-02-15 18:00:11.576091+00:00 ,                        0 ,                      3 ,SCR                              ,SCR                       ,True                        ,                        369 ,                        12 ,                       0 ,                         348 ,                      119 ,             848
exp 17-5 ,aws-us-east-1c-8x-c6i.2xlarge-spot-efs-13-49-05--15-02-2024 ,2024-02-15 16:55:16.430617+00:00 ,           ,2024-02-15 18:07:34.478742+00:00 ,                        0 ,                      3 ,SCR                              ,SCR                       ,True                        ,                        369 ,                        12 ,                       0 ,                         306 ,                      120 ,             807
exp 16-3 ,aws-us-east-1c-8x-c6i.2xlarge-spot-efs-13-49-05--15-02-2024 ,2024-02-15 16:55:16.393523+00:00 ,           ,2024-02-15 17:17:17.876108+00:00 ,                        0 ,                      3 ,SCR                              ,SCR                       ,True                        ,                        369 ,                        12 ,                       0 ,                         285 ,                      118 ,             784
exp 22-2 ,aws-us-east-1c-8x-i3.2xlarge-spot-efs-15-48-29--15-02-2024  ,2024-02-15 18:54:51.190087+00:00 ,           ,2024-02-15 19:10:11.817928+00:00 ,                        0 ,                      3 ,SCR                              ,SCR                       ,True                        ,                        379 ,                        13 ,                       0 ,                         307 ,                      133 ,             832
exp 22-3 ,aws-us-east-1c-8x-i3.2xlarge-spot-efs-15-48-29--15-02-2024  ,2024-02-15 18:54:51.194535+00:00 ,           ,2024-02-15 19:17:55.825546+00:00 ,                        0 ,                      3 ,SCR                              ,SCR                       ,True                        ,                        379 ,                        13 ,                       0 ,                         315 ,                      132 ,             839
exp 22-4 ,aws-us-east-1c-8x-i3.2xlarge-spot-efs-15-48-29--15-02-2024  ,2024-02-15 18:54:51.198397+00:00 ,           ,2024-02-15 19:24:51.190193+00:00 ,                        0 ,                      3 ,SCR                              ,SCR                       ,True                        ,                        379 ,                        13 ,                       0 ,                         314 ,                       85 ,             791
exp 22-5 ,aws-us-east-1c-8x-i3.2xlarge-spot-efs-15-48-29--15-02-2024  ,2024-02-15 18:54:51.202200+00:00 ,           ,2024-02-15 19:32:39.572642+00:00 ,                        0 ,                      3 ,SCR                              ,SCR                       ,True                        ,                        379 ,                        13 ,                       0 ,                         315 ,                      137 ,             844
exp 22-1 ,aws-us-east-1c-8x-i3.2xlarge-spot-efs-15-48-29--15-02-2024  ,2024-02-15 18:54:51.182396+00:00 ,           ,2024-02-15 19:02:35.007988+00:00 ,                        0 ,                      3 ,SCR                              ,SCR                       ,True                        ,                        379 ,                        13 ,                       0 ,                         312 ,                      135 ,             839
exp 18-3 ,aws-us-east-1c-8x-c6i.2xlarge-spot-efs-17-25-41--15-02-2024 ,2024-02-15 20:38:07.708018+00:00 ,           ,2024-02-15 21:03:52.983283+00:00 ,                        0 ,                      3 ,SCR                              ,SCR                       ,True                        ,                        380 ,                        12 ,                       0 ,                         293 ,                      122 ,             807
exp 18-1 ,aws-us-east-1c-8x-c6i.2xlarge-spot-efs-17-25-41--15-02-2024 ,2024-02-15 20:38:07.651981+00:00 ,           ,2024-02-15 20:46:51.391601+00:00 ,                        0 ,                      3 ,SCR                              ,SCR                       ,True                        ,                        380 ,                        13 ,                       0 ,                         384 ,                      123 ,             900
exp 18-2 ,aws-us-east-1c-8x-c6i.2xlarge-spot-efs-17-25-41--15-02-2024 ,2024-02-15 20:38:07.690380+00:00 ,           ,2024-02-15 20:56:42.284831+00:00 ,                        0 ,                      3 ,SCR                              ,SCR                       ,True                        ,                        380 ,                        12 ,                       0 ,                         453 ,                      121 ,             966
exp 18-4 ,aws-us-east-1c-8x-c6i.2xlarge-spot-efs-17-25-41--15-02-2024 ,2024-02-15 20:38:07.720114+00:00 ,           ,2024-02-15 21:11:11.825049+00:00 ,                        0 ,                      3 ,SCR                              ,SCR                       ,True                        ,                        380 ,                        13 ,                       0 ,                         301 ,                      121 ,             815
exp 18-5 ,aws-us-east-1c-8x-c6i.2xlarge-spot-efs-17-25-41--15-02-2024 ,2024-02-15 20:38:07.733567+00:00 ,           ,2024-02-15 21:21:29.005898+00:00 ,                        0 ,                      3 ,SCR                              ,SCR                       ,True                        ,                        380 ,                        12 ,                       0 ,                         479 ,                      122 ,             993
exp 23-5 ,aws-us-east-1c-8x-i3.2xlarge-spot-efs-21-46-38--15-02-2024  ,2024-02-16 00:53:46.125453+00:00 ,           ,2024-02-16 01:34:24.343685+00:00 ,                        0 ,                      3 ,SCR                              ,SCR                       ,True                        ,                        394 ,                        14 ,                       0 ,                         329 ,                      140 ,             877
exp 24-1 ,aws-us-east-1c-8x-i3.2xlarge-spot-efs-21-46-38--15-02-2024  ,2024-02-16 00:53:46.131795+00:00 ,           ,2024-02-16 01:42:23.605496+00:00 ,                        0 ,                      3 ,SCR                              ,SCR                       ,True                        ,                        394 ,                        16 ,                       0 ,                         317 ,                      142 ,             869
exp 24-2 ,aws-us-east-1c-8x-i3.2xlarge-spot-efs-21-46-38--15-02-2024  ,2024-02-16 00:53:46.138857+00:00 ,           ,2024-02-16 01:50:13.428001+00:00 ,                        0 ,                      3 ,SCR                              ,SCR                       ,True                        ,                        394 ,                        15 ,                       0 ,                         311 ,                      141 ,             861
exp 24-3 ,aws-us-east-1c-8x-i3.2xlarge-spot-efs-21-46-38--15-02-2024  ,2024-02-16 00:53:46.144146+00:00 ,           ,2024-02-16 01:57:56.515318+00:00 ,                        0 ,                      3 ,SCR                              ,SCR                       ,True                        ,                        394 ,                        13 ,                       0 ,                         306 ,                      140 ,             853
exp 24-4 ,aws-us-east-1c-8x-i3.2xlarge-spot-efs-21-46-38--15-02-2024  ,2024-02-16 00:53:46.150619+00:00 ,           ,2024-02-16 02:05:39.862381+00:00 ,                        0 ,                      3 ,SCR                              ,SCR                       ,True                        ,                        394 ,                        13 ,                       0 ,                         307 ,                      139 ,             853
exp 24-5 ,aws-us-east-1c-8x-i3.2xlarge-spot-efs-21-46-38--15-02-2024  ,2024-02-16 00:53:46.157287+00:00 ,           ,2024-02-16 02:13:26.368307+00:00 ,                        0 ,                      3 ,SCR                              ,SCR                       ,True                        ,                        394 ,                        13 ,                       0 ,                         310 ,                      140 ,             857
